id,base_id,attribute,truth,truth_source,prediction,baseline,correct,needs_evidence,current_value,base_value,preferred_sources,layer,query,priority,priority_bucket,case_type_guess,identity_label_guess,website_label_guess,difficulty
08f1eb535017124e034ea6a8818ccedc,f81b31e7be7c495d3d608265,website,https://www.istitutofigliedisanfrancesco.org/scuola-infanzia-pisa/,current,http://www.fismpisa.it,hybrid,False,True,https://www.istitutofigliedisanfrancesco.org/scuola-infanzia-pisa/,http://www.fismpisa.it,"official_site,government,business_registry",official,-site:yelp.com -site:tripadvisor.com -site:facebook.com -site:instagram.com -site:doordash.com -site:ubereats.com -site:grubhub.com,baseline_wrong,P0_WEBSITE_BASELINE_WRONG,WEBSITE_BASELINE_WRONG,,AMBIGUOUS_WEBSITE,HARD
08f1eb535017124e034ea6a8818ccedc,f81b31e7be7c495d3d608265,website,https://www.istitutofigliedisanfrancesco.org/scuola-infanzia-pisa/,current,http://www.fismpisa.it,hybrid,False,True,https://www.istitutofigliedisanfrancesco.org/scuola-infanzia-pisa/,http://www.fismpisa.it,"official_site,government,business_registry",official,intitle:  contact OR locations -site:yelp.com -site:tripadvisor.com -site:facebook.com -site:instagram.com -site:doordash.com -site:ubereats.com -site:grubhub.com,baseline_wrong,P0_WEBSITE_BASELINE_WRONG,WEBSITE_BASELINE_WRONG,,AMBIGUOUS_WEBSITE,HARD
08f1eb535017124e034ea6a8818ccedc,f81b31e7be7c495d3d608265,website,https://www.istitutofigliedisanfrancesco.org/scuola-infanzia-pisa/,current,http://www.fismpisa.it,hybrid,False,True,https://www.istitutofigliedisanfrancesco.org/scuola-infanzia-pisa/,http://www.fismpisa.it,"official_site,government,business_registry",official,inurl:locations   contact,baseline_wrong,P0_WEBSITE_BASELINE_WRONG,WEBSITE_BASELINE_WRONG,,AMBIGUOUS_WEBSITE,HARD
08f1eb535017124e034ea6a8818ccedc,f81b31e7be7c495d3d608265,website,https://www.istitutofigliedisanfrancesco.org/scuola-infanzia-pisa/,current,http://www.fismpisa.it,hybrid,False,True,https://www.istitutofigliedisanfrancesco.org/scuola-infanzia-pisa/,http://www.fismpisa.it,"official_site,government,business_registry",official,official website -site:yelp.com -site:tripadvisor.com -site:facebook.com -site:instagram.com -site:doordash.com -site:ubereats.com -site:grubhub.com,baseline_wrong,P0_WEBSITE_BASELINE_WRONG,WEBSITE_BASELINE_WRONG,,AMBIGUOUS_WEBSITE,HARD
08f1eb535017124e034ea6a8818ccedc,f81b31e7be7c495d3d608265,website,https://www.istitutofigliedisanfrancesco.org/scuola-infanzia-pisa/,current,http://www.fismpisa.it,hybrid,False,True,https://www.istitutofigliedisanfrancesco.org/scuola-infanzia-pisa/,http://www.fismpisa.it,"official_site,government,business_registry",official,site:.gov   business license OR registry,baseline_wrong,P0_WEBSITE_BASELINE_WRONG,WEBSITE_BASELINE_WRONG,,AMBIGUOUS_WEBSITE,HARD
08f1eb535017124e034ea6a8818ccedc,f81b31e7be7c495d3d608265,website,https://www.istitutofigliedisanfrancesco.org/scuola-infanzia-pisa/,current,http://www.fismpisa.it,hybrid,False,True,https://www.istitutofigliedisanfrancesco.org/scuola-infanzia-pisa/,http://www.fismpisa.it,"official_site,government,business_registry",official,site:bbb.org,baseline_wrong,P0_WEBSITE_BASELINE_WRONG,WEBSITE_BASELINE_WRONG,,AMBIGUOUS_WEBSITE,HARD
08f1ecba4972b364039b1dc77b0a0124,53ac511e498e02dbfa7eb179,website,http://www.ozdemiroglubalkava.com/,current,http://www.ozdemiroglubaklava.com,hybrid,False,True,http://www.ozdemiroglubalkava.com/,http://www.ozdemiroglubaklava.com,"official_site,government,business_registry",official,-site:yelp.com -site:tripadvisor.com -site:facebook.com -site:instagram.com -site:doordash.com -site:ubereats.com -site:grubhub.com,baseline_wrong,P0_WEBSITE_BASELINE_WRONG,WEBSITE_BASELINE_WRONG,,AMBIGUOUS_WEBSITE,HARD
08f1ecba4972b364039b1dc77b0a0124,53ac511e498e02dbfa7eb179,website,http://www.ozdemiroglubalkava.com/,current,http://www.ozdemiroglubaklava.com,hybrid,False,True,http://www.ozdemiroglubalkava.com/,http://www.ozdemiroglubaklava.com,"official_site,government,business_registry",official,intitle:  contact OR locations -site:yelp.com -site:tripadvisor.com -site:facebook.com -site:instagram.com -site:doordash.com -site:ubereats.com -site:grubhub.com,baseline_wrong,P0_WEBSITE_BASELINE_WRONG,WEBSITE_BASELINE_WRONG,,AMBIGUOUS_WEBSITE,HARD
08f1ecba4972b364039b1dc77b0a0124,53ac511e498e02dbfa7eb179,website,http://www.ozdemiroglubalkava.com/,current,http://www.ozdemiroglubaklava.com,hybrid,False,True,http://www.ozdemiroglubalkava.com/,http://www.ozdemiroglubaklava.com,"official_site,government,business_registry",official,inurl:locations   contact,baseline_wrong,P0_WEBSITE_BASELINE_WRONG,WEBSITE_BASELINE_WRONG,,AMBIGUOUS_WEBSITE,HARD
08f1ecba4972b364039b1dc77b0a0124,53ac511e498e02dbfa7eb179,website,http://www.ozdemiroglubalkava.com/,current,http://www.ozdemiroglubaklava.com,hybrid,False,True,http://www.ozdemiroglubalkava.com/,http://www.ozdemiroglubaklava.com,"official_site,government,business_registry",official,official website -site:yelp.com -site:tripadvisor.com -site:facebook.com -site:instagram.com -site:doordash.com -site:ubereats.com -site:grubhub.com,baseline_wrong,P0_WEBSITE_BASELINE_WRONG,WEBSITE_BASELINE_WRONG,,AMBIGUOUS_WEBSITE,HARD
08f1ecba4972b364039b1dc77b0a0124,53ac511e498e02dbfa7eb179,website,http://www.ozdemiroglubalkava.com/,current,http://www.ozdemiroglubaklava.com,hybrid,False,True,http://www.ozdemiroglubalkava.com/,http://www.ozdemiroglubaklava.com,"official_site,government,business_registry",official,site:.gov   business license OR registry,baseline_wrong,P0_WEBSITE_BASELINE_WRONG,WEBSITE_BASELINE_WRONG,,AMBIGUOUS_WEBSITE,HARD
08f1ecba4972b364039b1dc77b0a0124,53ac511e498e02dbfa7eb179,website,http://www.ozdemiroglubalkava.com/,current,http://www.ozdemiroglubaklava.com,hybrid,False,True,http://www.ozdemiroglubalkava.com/,http://www.ozdemiroglubaklava.com,"official_site,government,business_registry",official,site:bbb.org,baseline_wrong,P0_WEBSITE_BASELINE_WRONG,WEBSITE_BASELINE_WRONG,,AMBIGUOUS_WEBSITE,HARD
08f1f0061eb51556038f196e106d4189,eeba02e605ce467c0ce990d5,website,https://www.margritkirchhoff.de/,current,http://www.kirchhoff-rostock.notare-in-mv.de,hybrid,False,True,https://www.margritkirchhoff.de/,http://www.kirchhoff-rostock.notare-in-mv.de,"official_site,government,business_registry",official,-site:yelp.com -site:tripadvisor.com -site:facebook.com -site:instagram.com -site:doordash.com -site:ubereats.com -site:grubhub.com,baseline_wrong,P0_WEBSITE_BASELINE_WRONG,WEBSITE_BASELINE_WRONG,,AMBIGUOUS_WEBSITE,HARD
08f1f0061eb51556038f196e106d4189,eeba02e605ce467c0ce990d5,website,https://www.margritkirchhoff.de/,current,http://www.kirchhoff-rostock.notare-in-mv.de,hybrid,False,True,https://www.margritkirchhoff.de/,http://www.kirchhoff-rostock.notare-in-mv.de,"official_site,government,business_registry",official,intitle:  contact OR locations -site:yelp.com -site:tripadvisor.com -site:facebook.com -site:instagram.com -site:doordash.com -site:ubereats.com -site:grubhub.com,baseline_wrong,P0_WEBSITE_BASELINE_WRONG,WEBSITE_BASELINE_WRONG,,AMBIGUOUS_WEBSITE,HARD
08f1f0061eb51556038f196e106d4189,eeba02e605ce467c0ce990d5,website,https://www.margritkirchhoff.de/,current,http://www.kirchhoff-rostock.notare-in-mv.de,hybrid,False,True,https://www.margritkirchhoff.de/,http://www.kirchhoff-rostock.notare-in-mv.de,"official_site,government,business_registry",official,inurl:locations   contact,baseline_wrong,P0_WEBSITE_BASELINE_WRONG,WEBSITE_BASELINE_WRONG,,AMBIGUOUS_WEBSITE,HARD
08f1f0061eb51556038f196e106d4189,eeba02e605ce467c0ce990d5,website,https://www.margritkirchhoff.de/,current,http://www.kirchhoff-rostock.notare-in-mv.de,hybrid,False,True,https://www.margritkirchhoff.de/,http://www.kirchhoff-rostock.notare-in-mv.de,"official_site,government,business_registry",official,official website -site:yelp.com -site:tripadvisor.com -site:facebook.com -site:instagram.com -site:doordash.com -site:ubereats.com -site:grubhub.com,baseline_wrong,P0_WEBSITE_BASELINE_WRONG,WEBSITE_BASELINE_WRONG,,AMBIGUOUS_WEBSITE,HARD
08f1f0061eb51556038f196e106d4189,eeba02e605ce467c0ce990d5,website,https://www.margritkirchhoff.de/,current,http://www.kirchhoff-rostock.notare-in-mv.de,hybrid,False,True,https://www.margritkirchhoff.de/,http://www.kirchhoff-rostock.notare-in-mv.de,"official_site,government,business_registry",official,site:.gov   business license OR registry,baseline_wrong,P0_WEBSITE_BASELINE_WRONG,WEBSITE_BASELINE_WRONG,,AMBIGUOUS_WEBSITE,HARD
08f1f0061eb51556038f196e106d4189,eeba02e605ce467c0ce990d5,website,https://www.margritkirchhoff.de/,current,http://www.kirchhoff-rostock.notare-in-mv.de,hybrid,False,True,https://www.margritkirchhoff.de/,http://www.kirchhoff-rostock.notare-in-mv.de,"official_site,government,business_registry",official,site:bbb.org,baseline_wrong,P0_WEBSITE_BASELINE_WRONG,WEBSITE_BASELINE_WRONG,,AMBIGUOUS_WEBSITE,HARD
08f1f1046938a0020354dde363732179,a96f13dabde247918de3a821,website,https://www.diegoldschmiede-luebbecke.de/,current,https://www.gelbeseiten.de/gsbiz/8bda84a5-0a9b-42f8-a93f-2ad613bd7f4f,hybrid,False,True,https://www.diegoldschmiede-luebbecke.de/,https://www.gelbeseiten.de/gsbiz/8bda84a5-0a9b-42f8-a93f-2ad613bd7f4f,"official_site,government,business_registry",official,-site:yelp.com -site:tripadvisor.com -site:facebook.com -site:instagram.com -site:doordash.com -site:ubereats.com -site:grubhub.com,baseline_wrong,P0_WEBSITE_BASELINE_WRONG,WEBSITE_BASELINE_WRONG,,AMBIGUOUS_WEBSITE,HARD
08f1f1046938a0020354dde363732179,a96f13dabde247918de3a821,website,https://www.diegoldschmiede-luebbecke.de/,current,https://www.gelbeseiten.de/gsbiz/8bda84a5-0a9b-42f8-a93f-2ad613bd7f4f,hybrid,False,True,https://www.diegoldschmiede-luebbecke.de/,https://www.gelbeseiten.de/gsbiz/8bda84a5-0a9b-42f8-a93f-2ad613bd7f4f,"official_site,government,business_registry",official,intitle:  contact OR locations -site:yelp.com -site:tripadvisor.com -site:facebook.com -site:instagram.com -site:doordash.com -site:ubereats.com -site:grubhub.com,baseline_wrong,P0_WEBSITE_BASELINE_WRONG,WEBSITE_BASELINE_WRONG,,AMBIGUOUS_WEBSITE,HARD
08f1f1046938a0020354dde363732179,a96f13dabde247918de3a821,website,https://www.diegoldschmiede-luebbecke.de/,current,https://www.gelbeseiten.de/gsbiz/8bda84a5-0a9b-42f8-a93f-2ad613bd7f4f,hybrid,False,True,https://www.diegoldschmiede-luebbecke.de/,https://www.gelbeseiten.de/gsbiz/8bda84a5-0a9b-42f8-a93f-2ad613bd7f4f,"official_site,government,business_registry",official,inurl:locations   contact,baseline_wrong,P0_WEBSITE_BASELINE_WRONG,WEBSITE_BASELINE_WRONG,,AMBIGUOUS_WEBSITE,HARD
08f1f1046938a0020354dde363732179,a96f13dabde247918de3a821,website,https://www.diegoldschmiede-luebbecke.de/,current,https://www.gelbeseiten.de/gsbiz/8bda84a5-0a9b-42f8-a93f-2ad613bd7f4f,hybrid,False,True,https://www.diegoldschmiede-luebbecke.de/,https://www.gelbeseiten.de/gsbiz/8bda84a5-0a9b-42f8-a93f-2ad613bd7f4f,"official_site,government,business_registry",official,official website -site:yelp.com -site:tripadvisor.com -site:facebook.com -site:instagram.com -site:doordash.com -site:ubereats.com -site:grubhub.com,baseline_wrong,P0_WEBSITE_BASELINE_WRONG,WEBSITE_BASELINE_WRONG,,AMBIGUOUS_WEBSITE,HARD
08f1f1046938a0020354dde363732179,a96f13dabde247918de3a821,website,https://www.diegoldschmiede-luebbecke.de/,current,https://www.gelbeseiten.de/gsbiz/8bda84a5-0a9b-42f8-a93f-2ad613bd7f4f,hybrid,False,True,https://www.diegoldschmiede-luebbecke.de/,https://www.gelbeseiten.de/gsbiz/8bda84a5-0a9b-42f8-a93f-2ad613bd7f4f,"official_site,government,business_registry",official,site:.gov   business license OR registry,baseline_wrong,P0_WEBSITE_BASELINE_WRONG,WEBSITE_BASELINE_WRONG,,AMBIGUOUS_WEBSITE,HARD
08f1f1046938a0020354dde363732179,a96f13dabde247918de3a821,website,https://www.diegoldschmiede-luebbecke.de/,current,https://www.gelbeseiten.de/gsbiz/8bda84a5-0a9b-42f8-a93f-2ad613bd7f4f,hybrid,False,True,https://www.diegoldschmiede-luebbecke.de/,https://www.gelbeseiten.de/gsbiz/8bda84a5-0a9b-42f8-a93f-2ad613bd7f4f,"official_site,government,business_registry",official,site:bbb.org,baseline_wrong,P0_WEBSITE_BASELINE_WRONG,WEBSITE_BASELINE_WRONG,,AMBIGUOUS_WEBSITE,HARD
08f1f12cd0dad11b03c29971654cc5a7,28710a2f44b146d0438b5dbc,website,http://www.hanke-wohntextil.de/,current,https://www.hanke-wohntextil.de/de,hybrid,False,True,http://www.hanke-wohntextil.de/,https://www.hanke-wohntextil.de/de,"official_site,government,business_registry",official,-site:yelp.com -site:tripadvisor.com -site:facebook.com -site:instagram.com -site:doordash.com -site:ubereats.com -site:grubhub.com,baseline_wrong,P0_WEBSITE_BASELINE_WRONG,WEBSITE_BASELINE_WRONG,,AMBIGUOUS_WEBSITE,HARD
08f1f12cd0dad11b03c29971654cc5a7,28710a2f44b146d0438b5dbc,website,http://www.hanke-wohntextil.de/,current,https://www.hanke-wohntextil.de/de,hybrid,False,True,http://www.hanke-wohntextil.de/,https://www.hanke-wohntextil.de/de,"official_site,government,business_registry",official,intitle:  contact OR locations -site:yelp.com -site:tripadvisor.com -site:facebook.com -site:instagram.com -site:doordash.com -site:ubereats.com -site:grubhub.com,baseline_wrong,P0_WEBSITE_BASELINE_WRONG,WEBSITE_BASELINE_WRONG,,AMBIGUOUS_WEBSITE,HARD
08f1f12cd0dad11b03c29971654cc5a7,28710a2f44b146d0438b5dbc,website,http://www.hanke-wohntextil.de/,current,https://www.hanke-wohntextil.de/de,hybrid,False,True,http://www.hanke-wohntextil.de/,https://www.hanke-wohntextil.de/de,"official_site,government,business_registry",official,inurl:locations   contact,baseline_wrong,P0_WEBSITE_BASELINE_WRONG,WEBSITE_BASELINE_WRONG,,AMBIGUOUS_WEBSITE,HARD
08f1f12cd0dad11b03c29971654cc5a7,28710a2f44b146d0438b5dbc,website,http://www.hanke-wohntextil.de/,current,https://www.hanke-wohntextil.de/de,hybrid,False,True,http://www.hanke-wohntextil.de/,https://www.hanke-wohntextil.de/de,"official_site,government,business_registry",official,official website -site:yelp.com -site:tripadvisor.com -site:facebook.com -site:instagram.com -site:doordash.com -site:ubereats.com -site:grubhub.com,baseline_wrong,P0_WEBSITE_BASELINE_WRONG,WEBSITE_BASELINE_WRONG,,AMBIGUOUS_WEBSITE,HARD
08f1f12cd0dad11b03c29971654cc5a7,28710a2f44b146d0438b5dbc,website,http://www.hanke-wohntextil.de/,current,https://www.hanke-wohntextil.de/de,hybrid,False,True,http://www.hanke-wohntextil.de/,https://www.hanke-wohntextil.de/de,"official_site,government,business_registry",official,site:.gov   business license OR registry,baseline_wrong,P0_WEBSITE_BASELINE_WRONG,WEBSITE_BASELINE_WRONG,,AMBIGUOUS_WEBSITE,HARD
08f1f12cd0dad11b03c29971654cc5a7,28710a2f44b146d0438b5dbc,website,http://www.hanke-wohntextil.de/,current,https://www.hanke-wohntextil.de/de,hybrid,False,True,http://www.hanke-wohntextil.de/,https://www.hanke-wohntextil.de/de,"official_site,government,business_registry",official,site:bbb.org,baseline_wrong,P0_WEBSITE_BASELINE_WRONG,WEBSITE_BASELINE_WRONG,,AMBIGUOUS_WEBSITE,HARD
08f1f13d06cdb4dd03c2287ba2cf48a4,4df1d64513c84d5e61b08261,website,https://www.boeckmann-mode.de/lingerie.html,current,http://www.oberschorfheide.de,hybrid,False,True,https://www.boeckmann-mode.de/lingerie.html,http://www.oberschorfheide.de,"official_site,government,business_registry",official,-site:yelp.com -site:tripadvisor.com -site:facebook.com -site:instagram.com -site:doordash.com -site:ubereats.com -site:grubhub.com,baseline_wrong,P0_WEBSITE_BASELINE_WRONG,WEBSITE_BASELINE_WRONG,,AMBIGUOUS_WEBSITE,HARD
08f1f13d06cdb4dd03c2287ba2cf48a4,4df1d64513c84d5e61b08261,website,https://www.boeckmann-mode.de/lingerie.html,current,http://www.oberschorfheide.de,hybrid,False,True,https://www.boeckmann-mode.de/lingerie.html,http://www.oberschorfheide.de,"official_site,government,business_registry",official,intitle:  contact OR locations -site:yelp.com -site:tripadvisor.com -site:facebook.com -site:instagram.com -site:doordash.com -site:ubereats.com -site:grubhub.com,baseline_wrong,P0_WEBSITE_BASELINE_WRONG,WEBSITE_BASELINE_WRONG,,AMBIGUOUS_WEBSITE,HARD
08f1f13d06cdb4dd03c2287ba2cf48a4,4df1d64513c84d5e61b08261,website,https://www.boeckmann-mode.de/lingerie.html,current,http://www.oberschorfheide.de,hybrid,False,True,https://www.boeckmann-mode.de/lingerie.html,http://www.oberschorfheide.de,"official_site,government,business_registry",official,inurl:locations   contact,baseline_wrong,P0_WEBSITE_BASELINE_WRONG,WEBSITE_BASELINE_WRONG,,AMBIGUOUS_WEBSITE,HARD
08f1f13d06cdb4dd03c2287ba2cf48a4,4df1d64513c84d5e61b08261,website,https://www.boeckmann-mode.de/lingerie.html,current,http://www.oberschorfheide.de,hybrid,False,True,https://www.boeckmann-mode.de/lingerie.html,http://www.oberschorfheide.de,"official_site,government,business_registry",official,official website -site:yelp.com -site:tripadvisor.com -site:facebook.com -site:instagram.com -site:doordash.com -site:ubereats.com -site:grubhub.com,baseline_wrong,P0_WEBSITE_BASELINE_WRONG,WEBSITE_BASELINE_WRONG,,AMBIGUOUS_WEBSITE,HARD
08f1f13d06cdb4dd03c2287ba2cf48a4,4df1d64513c84d5e61b08261,website,https://www.boeckmann-mode.de/lingerie.html,current,http://www.oberschorfheide.de,hybrid,False,True,https://www.boeckmann-mode.de/lingerie.html,http://www.oberschorfheide.de,"official_site,government,business_registry",official,site:.gov   business license OR registry,baseline_wrong,P0_WEBSITE_BASELINE_WRONG,WEBSITE_BASELINE_WRONG,,AMBIGUOUS_WEBSITE,HARD
08f1f13d06cdb4dd03c2287ba2cf48a4,4df1d64513c84d5e61b08261,website,https://www.boeckmann-mode.de/lingerie.html,current,http://www.oberschorfheide.de,hybrid,False,True,https://www.boeckmann-mode.de/lingerie.html,http://www.oberschorfheide.de,"official_site,government,business_registry",official,site:bbb.org,baseline_wrong,P0_WEBSITE_BASELINE_WRONG,WEBSITE_BASELINE_WRONG,,AMBIGUOUS_WEBSITE,HARD
08f1f15175db63730320e96a1db6006b,492af3d885d44b699424a0bb,website,https://werners-schlemmertheke.business.site/?utm_source=gmb&utm_medium=referral,current,https://www.gelbeseiten.de/gsbiz/c937e81f-0f80-4ee1-bd1e-625103348dcd,hybrid,False,True,https://werners-schlemmertheke.business.site/?utm_source=gmb&utm_medium=referral,https://www.gelbeseiten.de/gsbiz/c937e81f-0f80-4ee1-bd1e-625103348dcd,"official_site,government,business_registry",official,-site:yelp.com -site:tripadvisor.com -site:facebook.com -site:instagram.com -site:doordash.com -site:ubereats.com -site:grubhub.com,baseline_wrong,P0_WEBSITE_BASELINE_WRONG,WEBSITE_BASELINE_WRONG,,AMBIGUOUS_WEBSITE,HARD
08f1f15175db63730320e96a1db6006b,492af3d885d44b699424a0bb,website,https://werners-schlemmertheke.business.site/?utm_source=gmb&utm_medium=referral,current,https://www.gelbeseiten.de/gsbiz/c937e81f-0f80-4ee1-bd1e-625103348dcd,hybrid,False,True,https://werners-schlemmertheke.business.site/?utm_source=gmb&utm_medium=referral,https://www.gelbeseiten.de/gsbiz/c937e81f-0f80-4ee1-bd1e-625103348dcd,"official_site,government,business_registry",official,intitle:  contact OR locations -site:yelp.com -site:tripadvisor.com -site:facebook.com -site:instagram.com -site:doordash.com -site:ubereats.com -site:grubhub.com,baseline_wrong,P0_WEBSITE_BASELINE_WRONG,WEBSITE_BASELINE_WRONG,,AMBIGUOUS_WEBSITE,HARD
08f1f15175db63730320e96a1db6006b,492af3d885d44b699424a0bb,website,https://werners-schlemmertheke.business.site/?utm_source=gmb&utm_medium=referral,current,https://www.gelbeseiten.de/gsbiz/c937e81f-0f80-4ee1-bd1e-625103348dcd,hybrid,False,True,https://werners-schlemmertheke.business.site/?utm_source=gmb&utm_medium=referral,https://www.gelbeseiten.de/gsbiz/c937e81f-0f80-4ee1-bd1e-625103348dcd,"official_site,government,business_registry",official,inurl:locations   contact,baseline_wrong,P0_WEBSITE_BASELINE_WRONG,WEBSITE_BASELINE_WRONG,,AMBIGUOUS_WEBSITE,HARD
08f1f15175db63730320e96a1db6006b,492af3d885d44b699424a0bb,website,https://werners-schlemmertheke.business.site/?utm_source=gmb&utm_medium=referral,current,https://www.gelbeseiten.de/gsbiz/c937e81f-0f80-4ee1-bd1e-625103348dcd,hybrid,False,True,https://werners-schlemmertheke.business.site/?utm_source=gmb&utm_medium=referral,https://www.gelbeseiten.de/gsbiz/c937e81f-0f80-4ee1-bd1e-625103348dcd,"official_site,government,business_registry",official,official website -site:yelp.com -site:tripadvisor.com -site:facebook.com -site:instagram.com -site:doordash.com -site:ubereats.com -site:grubhub.com,baseline_wrong,P0_WEBSITE_BASELINE_WRONG,WEBSITE_BASELINE_WRONG,,AMBIGUOUS_WEBSITE,HARD
08f1f15175db63730320e96a1db6006b,492af3d885d44b699424a0bb,website,https://werners-schlemmertheke.business.site/?utm_source=gmb&utm_medium=referral,current,https://www.gelbeseiten.de/gsbiz/c937e81f-0f80-4ee1-bd1e-625103348dcd,hybrid,False,True,https://werners-schlemmertheke.business.site/?utm_source=gmb&utm_medium=referral,https://www.gelbeseiten.de/gsbiz/c937e81f-0f80-4ee1-bd1e-625103348dcd,"official_site,government,business_registry",official,site:.gov   business license OR registry,baseline_wrong,P0_WEBSITE_BASELINE_WRONG,WEBSITE_BASELINE_WRONG,,AMBIGUOUS_WEBSITE,HARD
08f1f15175db63730320e96a1db6006b,492af3d885d44b699424a0bb,website,https://werners-schlemmertheke.business.site/?utm_source=gmb&utm_medium=referral,current,https://www.gelbeseiten.de/gsbiz/c937e81f-0f80-4ee1-bd1e-625103348dcd,hybrid,False,True,https://werners-schlemmertheke.business.site/?utm_source=gmb&utm_medium=referral,https://www.gelbeseiten.de/gsbiz/c937e81f-0f80-4ee1-bd1e-625103348dcd,"official_site,government,business_registry",official,site:bbb.org,baseline_wrong,P0_WEBSITE_BASELINE_WRONG,WEBSITE_BASELINE_WRONG,,AMBIGUOUS_WEBSITE,HARD
08f1f1a732635ab303e43536cf885561,bd4cb3be843c4a811906e8be,website,https://paketshop.myhermes.de/int/hpsf.html?shopid=637326,current,http://paketshop.myhermes.de,hybrid,False,True,https://paketshop.myhermes.de/int/hpsf.html?shopid=637326,http://paketshop.myhermes.de,"official_site,government,business_registry",official,-site:yelp.com -site:tripadvisor.com -site:facebook.com -site:instagram.com -site:doordash.com -site:ubereats.com -site:grubhub.com,baseline_wrong,P0_WEBSITE_BASELINE_WRONG,WEBSITE_BASELINE_WRONG,,AMBIGUOUS_WEBSITE,HARD
08f1f1a732635ab303e43536cf885561,bd4cb3be843c4a811906e8be,website,https://paketshop.myhermes.de/int/hpsf.html?shopid=637326,current,http://paketshop.myhermes.de,hybrid,False,True,https://paketshop.myhermes.de/int/hpsf.html?shopid=637326,http://paketshop.myhermes.de,"official_site,government,business_registry",official,intitle:  contact OR locations -site:yelp.com -site:tripadvisor.com -site:facebook.com -site:instagram.com -site:doordash.com -site:ubereats.com -site:grubhub.com,baseline_wrong,P0_WEBSITE_BASELINE_WRONG,WEBSITE_BASELINE_WRONG,,AMBIGUOUS_WEBSITE,HARD
08f1f1a732635ab303e43536cf885561,bd4cb3be843c4a811906e8be,website,https://paketshop.myhermes.de/int/hpsf.html?shopid=637326,current,http://paketshop.myhermes.de,hybrid,False,True,https://paketshop.myhermes.de/int/hpsf.html?shopid=637326,http://paketshop.myhermes.de,"official_site,government,business_registry",official,inurl:locations   contact,baseline_wrong,P0_WEBSITE_BASELINE_WRONG,WEBSITE_BASELINE_WRONG,,AMBIGUOUS_WEBSITE,HARD
08f1f1a732635ab303e43536cf885561,bd4cb3be843c4a811906e8be,website,https://paketshop.myhermes.de/int/hpsf.html?shopid=637326,current,http://paketshop.myhermes.de,hybrid,False,True,https://paketshop.myhermes.de/int/hpsf.html?shopid=637326,http://paketshop.myhermes.de,"official_site,government,business_registry",official,official website -site:yelp.com -site:tripadvisor.com -site:facebook.com -site:instagram.com -site:doordash.com -site:ubereats.com -site:grubhub.com,baseline_wrong,P0_WEBSITE_BASELINE_WRONG,WEBSITE_BASELINE_WRONG,,AMBIGUOUS_WEBSITE,HARD
08f1f1a732635ab303e43536cf885561,bd4cb3be843c4a811906e8be,website,https://paketshop.myhermes.de/int/hpsf.html?shopid=637326,current,http://paketshop.myhermes.de,hybrid,False,True,https://paketshop.myhermes.de/int/hpsf.html?shopid=637326,http://paketshop.myhermes.de,"official_site,government,business_registry",official,site:.gov   business license OR registry,baseline_wrong,P0_WEBSITE_BASELINE_WRONG,WEBSITE_BASELINE_WRONG,,AMBIGUOUS_WEBSITE,HARD
08f1f1a732635ab303e43536cf885561,bd4cb3be843c4a811906e8be,website,https://paketshop.myhermes.de/int/hpsf.html?shopid=637326,current,http://paketshop.myhermes.de,hybrid,False,True,https://paketshop.myhermes.de/int/hpsf.html?shopid=637326,http://paketshop.myhermes.de,"official_site,government,business_registry",official,site:bbb.org,baseline_wrong,P0_WEBSITE_BASELINE_WRONG,WEBSITE_BASELINE_WRONG,,AMBIGUOUS_WEBSITE,HARD
08f1f1a891a75b4b032b37e00bc5dd40,58727ecbd60c8b3454eae000,website,http://www.mammoet.de/,current,http://www.mammoet.com,hybrid,False,True,http://www.mammoet.de/,http://www.mammoet.com,"official_site,government,business_registry",official,-site:yelp.com -site:tripadvisor.com -site:facebook.com -site:instagram.com -site:doordash.com -site:ubereats.com -site:grubhub.com,baseline_wrong,P0_WEBSITE_BASELINE_WRONG,WEBSITE_BASELINE_WRONG,,AMBIGUOUS_WEBSITE,HARD
08f1f1a891a75b4b032b37e00bc5dd40,58727ecbd60c8b3454eae000,website,http://www.mammoet.de/,current,http://www.mammoet.com,hybrid,False,True,http://www.mammoet.de/,http://www.mammoet.com,"official_site,government,business_registry",official,intitle:  contact OR locations -site:yelp.com -site:tripadvisor.com -site:facebook.com -site:instagram.com -site:doordash.com -site:ubereats.com -site:grubhub.com,baseline_wrong,P0_WEBSITE_BASELINE_WRONG,WEBSITE_BASELINE_WRONG,,AMBIGUOUS_WEBSITE,HARD
08f1f1a891a75b4b032b37e00bc5dd40,58727ecbd60c8b3454eae000,website,http://www.mammoet.de/,current,http://www.mammoet.com,hybrid,False,True,http://www.mammoet.de/,http://www.mammoet.com,"official_site,government,business_registry",official,inurl:locations   contact,baseline_wrong,P0_WEBSITE_BASELINE_WRONG,WEBSITE_BASELINE_WRONG,,AMBIGUOUS_WEBSITE,HARD
08f1f1a891a75b4b032b37e00bc5dd40,58727ecbd60c8b3454eae000,website,http://www.mammoet.de/,current,http://www.mammoet.com,hybrid,False,True,http://www.mammoet.de/,http://www.mammoet.com,"official_site,government,business_registry",official,official website -site:yelp.com -site:tripadvisor.com -site:facebook.com -site:instagram.com -site:doordash.com -site:ubereats.com -site:grubhub.com,baseline_wrong,P0_WEBSITE_BASELINE_WRONG,WEBSITE_BASELINE_WRONG,,AMBIGUOUS_WEBSITE,HARD
08f1f1a891a75b4b032b37e00bc5dd40,58727ecbd60c8b3454eae000,website,http://www.mammoet.de/,current,http://www.mammoet.com,hybrid,False,True,http://www.mammoet.de/,http://www.mammoet.com,"official_site,government,business_registry",official,site:.gov   business license OR registry,baseline_wrong,P0_WEBSITE_BASELINE_WRONG,WEBSITE_BASELINE_WRONG,,AMBIGUOUS_WEBSITE,HARD
08f1f1a891a75b4b032b37e00bc5dd40,58727ecbd60c8b3454eae000,website,http://www.mammoet.de/,current,http://www.mammoet.com,hybrid,False,True,http://www.mammoet.de/,http://www.mammoet.com,"official_site,government,business_registry",official,site:bbb.org,baseline_wrong,P0_WEBSITE_BASELINE_WRONG,WEBSITE_BASELINE_WRONG,,AMBIGUOUS_WEBSITE,HARD
08f1f1e5752d068203c784e8f79a40f3,587289949b7eac78e6ddf2c7,website,https://www.harzkosmetik.de/unser-wohlfuehl-leistungsangebot,current,https://www.harzkosmetik.de,hybrid,False,True,https://www.harzkosmetik.de/unser-wohlfuehl-leistungsangebot,https://www.harzkosmetik.de,"official_site,government,business_registry",official,-site:yelp.com -site:tripadvisor.com -site:facebook.com -site:instagram.com -site:doordash.com -site:ubereats.com -site:grubhub.com,baseline_wrong,P0_WEBSITE_BASELINE_WRONG,WEBSITE_BASELINE_WRONG,,AMBIGUOUS_WEBSITE,HARD
08f1f1e5752d068203c784e8f79a40f3,587289949b7eac78e6ddf2c7,website,https://www.harzkosmetik.de/unser-wohlfuehl-leistungsangebot,current,https://www.harzkosmetik.de,hybrid,False,True,https://www.harzkosmetik.de/unser-wohlfuehl-leistungsangebot,https://www.harzkosmetik.de,"official_site,government,business_registry",official,intitle:  contact OR locations -site:yelp.com -site:tripadvisor.com -site:facebook.com -site:instagram.com -site:doordash.com -site:ubereats.com -site:grubhub.com,baseline_wrong,P0_WEBSITE_BASELINE_WRONG,WEBSITE_BASELINE_WRONG,,AMBIGUOUS_WEBSITE,HARD
08f1f1e5752d068203c784e8f79a40f3,587289949b7eac78e6ddf2c7,website,https://www.harzkosmetik.de/unser-wohlfuehl-leistungsangebot,current,https://www.harzkosmetik.de,hybrid,False,True,https://www.harzkosmetik.de/unser-wohlfuehl-leistungsangebot,https://www.harzkosmetik.de,"official_site,government,business_registry",official,inurl:locations   contact,baseline_wrong,P0_WEBSITE_BASELINE_WRONG,WEBSITE_BASELINE_WRONG,,AMBIGUOUS_WEBSITE,HARD
08f1f1e5752d068203c784e8f79a40f3,587289949b7eac78e6ddf2c7,website,https://www.harzkosmetik.de/unser-wohlfuehl-leistungsangebot,current,https://www.harzkosmetik.de,hybrid,False,True,https://www.harzkosmetik.de/unser-wohlfuehl-leistungsangebot,https://www.harzkosmetik.de,"official_site,government,business_registry",official,official website -site:yelp.com -site:tripadvisor.com -site:facebook.com -site:instagram.com -site:doordash.com -site:ubereats.com -site:grubhub.com,baseline_wrong,P0_WEBSITE_BASELINE_WRONG,WEBSITE_BASELINE_WRONG,,AMBIGUOUS_WEBSITE,HARD
08f1f1e5752d068203c784e8f79a40f3,587289949b7eac78e6ddf2c7,website,https://www.harzkosmetik.de/unser-wohlfuehl-leistungsangebot,current,https://www.harzkosmetik.de,hybrid,False,True,https://www.harzkosmetik.de/unser-wohlfuehl-leistungsangebot,https://www.harzkosmetik.de,"official_site,government,business_registry",official,site:.gov   business license OR registry,baseline_wrong,P0_WEBSITE_BASELINE_WRONG,WEBSITE_BASELINE_WRONG,,AMBIGUOUS_WEBSITE,HARD
08f1f1e5752d068203c784e8f79a40f3,587289949b7eac78e6ddf2c7,website,https://www.harzkosmetik.de/unser-wohlfuehl-leistungsangebot,current,https://www.harzkosmetik.de,hybrid,False,True,https://www.harzkosmetik.de/unser-wohlfuehl-leistungsangebot,https://www.harzkosmetik.de,"official_site,government,business_registry",official,site:bbb.org,baseline_wrong,P0_WEBSITE_BASELINE_WRONG,WEBSITE_BASELINE_WRONG,,AMBIGUOUS_WEBSITE,HARD
08f1f2e4c52535b303d6e2707a0f297b,6af7fb8b326d40519a9fe3ac,website,http://svenskfast.se/eslov,current,http://www.svenskfast.se,hybrid,False,True,http://svenskfast.se/eslov,http://www.svenskfast.se,"official_site,government,business_registry",official,-site:yelp.com -site:tripadvisor.com -site:facebook.com -site:instagram.com -site:doordash.com -site:ubereats.com -site:grubhub.com,baseline_wrong,P0_WEBSITE_BASELINE_WRONG,WEBSITE_BASELINE_WRONG,,AMBIGUOUS_WEBSITE,HARD
08f1f2e4c52535b303d6e2707a0f297b,6af7fb8b326d40519a9fe3ac,website,http://svenskfast.se/eslov,current,http://www.svenskfast.se,hybrid,False,True,http://svenskfast.se/eslov,http://www.svenskfast.se,"official_site,government,business_registry",official,intitle:  contact OR locations -site:yelp.com -site:tripadvisor.com -site:facebook.com -site:instagram.com -site:doordash.com -site:ubereats.com -site:grubhub.com,baseline_wrong,P0_WEBSITE_BASELINE_WRONG,WEBSITE_BASELINE_WRONG,,AMBIGUOUS_WEBSITE,HARD
08f1f2e4c52535b303d6e2707a0f297b,6af7fb8b326d40519a9fe3ac,website,http://svenskfast.se/eslov,current,http://www.svenskfast.se,hybrid,False,True,http://svenskfast.se/eslov,http://www.svenskfast.se,"official_site,government,business_registry",official,inurl:locations   contact,baseline_wrong,P0_WEBSITE_BASELINE_WRONG,WEBSITE_BASELINE_WRONG,,AMBIGUOUS_WEBSITE,HARD
08f1f2e4c52535b303d6e2707a0f297b,6af7fb8b326d40519a9fe3ac,website,http://svenskfast.se/eslov,current,http://www.svenskfast.se,hybrid,False,True,http://svenskfast.se/eslov,http://www.svenskfast.se,"official_site,government,business_registry",official,official website -site:yelp.com -site:tripadvisor.com -site:facebook.com -site:instagram.com -site:doordash.com -site:ubereats.com -site:grubhub.com,baseline_wrong,P0_WEBSITE_BASELINE_WRONG,WEBSITE_BASELINE_WRONG,,AMBIGUOUS_WEBSITE,HARD
08f1f2e4c52535b303d6e2707a0f297b,6af7fb8b326d40519a9fe3ac,website,http://svenskfast.se/eslov,current,http://www.svenskfast.se,hybrid,False,True,http://svenskfast.se/eslov,http://www.svenskfast.se,"official_site,government,business_registry",official,site:.gov   business license OR registry,baseline_wrong,P0_WEBSITE_BASELINE_WRONG,WEBSITE_BASELINE_WRONG,,AMBIGUOUS_WEBSITE,HARD
08f1f2e4c52535b303d6e2707a0f297b,6af7fb8b326d40519a9fe3ac,website,http://svenskfast.se/eslov,current,http://www.svenskfast.se,hybrid,False,True,http://svenskfast.se/eslov,http://www.svenskfast.se,"official_site,government,business_registry",official,site:bbb.org,baseline_wrong,P0_WEBSITE_BASELINE_WRONG,WEBSITE_BASELINE_WRONG,,AMBIGUOUS_WEBSITE,HARD
08f1f8120960ecb603778517e167edf6,4f50fa3ce4b0daf96d29d243,website,https://www.vb-bad-saulgau.de/,current,https://www.vb-bad-saulgau.de/ihre-bank/filialen-ansprechpartner1/filialen/uebersicht-filialen/filiale-laiz.html,hybrid,False,True,https://www.vb-bad-saulgau.de/,https://www.vb-bad-saulgau.de/ihre-bank/filialen-ansprechpartner1/filialen/uebersicht-filialen/filiale-laiz.html,"official_site,government,business_registry",official,-site:yelp.com -site:tripadvisor.com -site:facebook.com -site:instagram.com -site:doordash.com -site:ubereats.com -site:grubhub.com,baseline_wrong,P0_WEBSITE_BASELINE_WRONG,WEBSITE_BASELINE_WRONG,,AMBIGUOUS_WEBSITE,HARD
08f1f8120960ecb603778517e167edf6,4f50fa3ce4b0daf96d29d243,website,https://www.vb-bad-saulgau.de/,current,https://www.vb-bad-saulgau.de/ihre-bank/filialen-ansprechpartner1/filialen/uebersicht-filialen/filiale-laiz.html,hybrid,False,True,https://www.vb-bad-saulgau.de/,https://www.vb-bad-saulgau.de/ihre-bank/filialen-ansprechpartner1/filialen/uebersicht-filialen/filiale-laiz.html,"official_site,government,business_registry",official,intitle:  contact OR locations -site:yelp.com -site:tripadvisor.com -site:facebook.com -site:instagram.com -site:doordash.com -site:ubereats.com -site:grubhub.com,baseline_wrong,P0_WEBSITE_BASELINE_WRONG,WEBSITE_BASELINE_WRONG,,AMBIGUOUS_WEBSITE,HARD
08f1f8120960ecb603778517e167edf6,4f50fa3ce4b0daf96d29d243,website,https://www.vb-bad-saulgau.de/,current,https://www.vb-bad-saulgau.de/ihre-bank/filialen-ansprechpartner1/filialen/uebersicht-filialen/filiale-laiz.html,hybrid,False,True,https://www.vb-bad-saulgau.de/,https://www.vb-bad-saulgau.de/ihre-bank/filialen-ansprechpartner1/filialen/uebersicht-filialen/filiale-laiz.html,"official_site,government,business_registry",official,inurl:locations   contact,baseline_wrong,P0_WEBSITE_BASELINE_WRONG,WEBSITE_BASELINE_WRONG,,AMBIGUOUS_WEBSITE,HARD
08f1f8120960ecb603778517e167edf6,4f50fa3ce4b0daf96d29d243,website,https://www.vb-bad-saulgau.de/,current,https://www.vb-bad-saulgau.de/ihre-bank/filialen-ansprechpartner1/filialen/uebersicht-filialen/filiale-laiz.html,hybrid,False,True,https://www.vb-bad-saulgau.de/,https://www.vb-bad-saulgau.de/ihre-bank/filialen-ansprechpartner1/filialen/uebersicht-filialen/filiale-laiz.html,"official_site,government,business_registry",official,official website -site:yelp.com -site:tripadvisor.com -site:facebook.com -site:instagram.com -site:doordash.com -site:ubereats.com -site:grubhub.com,baseline_wrong,P0_WEBSITE_BASELINE_WRONG,WEBSITE_BASELINE_WRONG,,AMBIGUOUS_WEBSITE,HARD
08f1f8120960ecb603778517e167edf6,4f50fa3ce4b0daf96d29d243,website,https://www.vb-bad-saulgau.de/,current,https://www.vb-bad-saulgau.de/ihre-bank/filialen-ansprechpartner1/filialen/uebersicht-filialen/filiale-laiz.html,hybrid,False,True,https://www.vb-bad-saulgau.de/,https://www.vb-bad-saulgau.de/ihre-bank/filialen-ansprechpartner1/filialen/uebersicht-filialen/filiale-laiz.html,"official_site,government,business_registry",official,site:.gov   business license OR registry,baseline_wrong,P0_WEBSITE_BASELINE_WRONG,WEBSITE_BASELINE_WRONG,,AMBIGUOUS_WEBSITE,HARD
08f1f8120960ecb603778517e167edf6,4f50fa3ce4b0daf96d29d243,website,https://www.vb-bad-saulgau.de/,current,https://www.vb-bad-saulgau.de/ihre-bank/filialen-ansprechpartner1/filialen/uebersicht-filialen/filiale-laiz.html,hybrid,False,True,https://www.vb-bad-saulgau.de/,https://www.vb-bad-saulgau.de/ihre-bank/filialen-ansprechpartner1/filialen/uebersicht-filialen/filiale-laiz.html,"official_site,government,business_registry",official,site:bbb.org,baseline_wrong,P0_WEBSITE_BASELINE_WRONG,WEBSITE_BASELINE_WRONG,,AMBIGUOUS_WEBSITE,HARD
08f1f852314e30580373a86cedf0b53a,742a955fa2df4694bbae6746,website,https://seltz.bibenligne.fr/,current,http://mediatheque.seltz.fr,hybrid,False,True,https://seltz.bibenligne.fr/,http://mediatheque.seltz.fr,"official_site,government,business_registry",official,-site:yelp.com -site:tripadvisor.com -site:facebook.com -site:instagram.com -site:doordash.com -site:ubereats.com -site:grubhub.com,baseline_wrong,P0_WEBSITE_BASELINE_WRONG,WEBSITE_BASELINE_WRONG,,AMBIGUOUS_WEBSITE,HARD
08f1f852314e30580373a86cedf0b53a,742a955fa2df4694bbae6746,website,https://seltz.bibenligne.fr/,current,http://mediatheque.seltz.fr,hybrid,False,True,https://seltz.bibenligne.fr/,http://mediatheque.seltz.fr,"official_site,government,business_registry",official,intitle:  contact OR locations -site:yelp.com -site:tripadvisor.com -site:facebook.com -site:instagram.com -site:doordash.com -site:ubereats.com -site:grubhub.com,baseline_wrong,P0_WEBSITE_BASELINE_WRONG,WEBSITE_BASELINE_WRONG,,AMBIGUOUS_WEBSITE,HARD
08f1f852314e30580373a86cedf0b53a,742a955fa2df4694bbae6746,website,https://seltz.bibenligne.fr/,current,http://mediatheque.seltz.fr,hybrid,False,True,https://seltz.bibenligne.fr/,http://mediatheque.seltz.fr,"official_site,government,business_registry",official,inurl:locations   contact,baseline_wrong,P0_WEBSITE_BASELINE_WRONG,WEBSITE_BASELINE_WRONG,,AMBIGUOUS_WEBSITE,HARD
08f1f852314e30580373a86cedf0b53a,742a955fa2df4694bbae6746,website,https://seltz.bibenligne.fr/,current,http://mediatheque.seltz.fr,hybrid,False,True,https://seltz.bibenligne.fr/,http://mediatheque.seltz.fr,"official_site,government,business_registry",official,official website -site:yelp.com -site:tripadvisor.com -site:facebook.com -site:instagram.com -site:doordash.com -site:ubereats.com -site:grubhub.com,baseline_wrong,P0_WEBSITE_BASELINE_WRONG,WEBSITE_BASELINE_WRONG,,AMBIGUOUS_WEBSITE,HARD
08f1f852314e30580373a86cedf0b53a,742a955fa2df4694bbae6746,website,https://seltz.bibenligne.fr/,current,http://mediatheque.seltz.fr,hybrid,False,True,https://seltz.bibenligne.fr/,http://mediatheque.seltz.fr,"official_site,government,business_registry",official,site:.gov   business license OR registry,baseline_wrong,P0_WEBSITE_BASELINE_WRONG,WEBSITE_BASELINE_WRONG,,AMBIGUOUS_WEBSITE,HARD
08f1f852314e30580373a86cedf0b53a,742a955fa2df4694bbae6746,website,https://seltz.bibenligne.fr/,current,http://mediatheque.seltz.fr,hybrid,False,True,https://seltz.bibenligne.fr/,http://mediatheque.seltz.fr,"official_site,government,business_registry",official,site:bbb.org,baseline_wrong,P0_WEBSITE_BASELINE_WRONG,WEBSITE_BASELINE_WRONG,,AMBIGUOUS_WEBSITE,HARD
08f1f85ae5201aea032be7da504ebb74,5dc171625cefa500074e9616,website,http://freykissel.org/SBK/,current,https://www.edeka.de/eh/s%C3%BCdwest/edeka-kissel-sbk-compact-landau-taubensuhlstra%C3%9Fe-3-5/index.jsp,hybrid,False,True,http://freykissel.org/SBK/,https://www.edeka.de/eh/s%C3%BCdwest/edeka-kissel-sbk-compact-landau-taubensuhlstra%C3%9Fe-3-5/index.jsp,"official_site,government,business_registry",official,-site:yelp.com -site:tripadvisor.com -site:facebook.com -site:instagram.com -site:doordash.com -site:ubereats.com -site:grubhub.com,baseline_wrong,P0_WEBSITE_BASELINE_WRONG,WEBSITE_BASELINE_WRONG,,AMBIGUOUS_WEBSITE,HARD
08f1f85ae5201aea032be7da504ebb74,5dc171625cefa500074e9616,website,http://freykissel.org/SBK/,current,https://www.edeka.de/eh/s%C3%BCdwest/edeka-kissel-sbk-compact-landau-taubensuhlstra%C3%9Fe-3-5/index.jsp,hybrid,False,True,http://freykissel.org/SBK/,https://www.edeka.de/eh/s%C3%BCdwest/edeka-kissel-sbk-compact-landau-taubensuhlstra%C3%9Fe-3-5/index.jsp,"official_site,government,business_registry",official,intitle:  contact OR locations -site:yelp.com -site:tripadvisor.com -site:facebook.com -site:instagram.com -site:doordash.com -site:ubereats.com -site:grubhub.com,baseline_wrong,P0_WEBSITE_BASELINE_WRONG,WEBSITE_BASELINE_WRONG,,AMBIGUOUS_WEBSITE,HARD
08f1f85ae5201aea032be7da504ebb74,5dc171625cefa500074e9616,website,http://freykissel.org/SBK/,current,https://www.edeka.de/eh/s%C3%BCdwest/edeka-kissel-sbk-compact-landau-taubensuhlstra%C3%9Fe-3-5/index.jsp,hybrid,False,True,http://freykissel.org/SBK/,https://www.edeka.de/eh/s%C3%BCdwest/edeka-kissel-sbk-compact-landau-taubensuhlstra%C3%9Fe-3-5/index.jsp,"official_site,government,business_registry",official,inurl:locations   contact,baseline_wrong,P0_WEBSITE_BASELINE_WRONG,WEBSITE_BASELINE_WRONG,,AMBIGUOUS_WEBSITE,HARD
08f1f85ae5201aea032be7da504ebb74,5dc171625cefa500074e9616,website,http://freykissel.org/SBK/,current,https://www.edeka.de/eh/s%C3%BCdwest/edeka-kissel-sbk-compact-landau-taubensuhlstra%C3%9Fe-3-5/index.jsp,hybrid,False,True,http://freykissel.org/SBK/,https://www.edeka.de/eh/s%C3%BCdwest/edeka-kissel-sbk-compact-landau-taubensuhlstra%C3%9Fe-3-5/index.jsp,"official_site,government,business_registry",official,official website -site:yelp.com -site:tripadvisor.com -site:facebook.com -site:instagram.com -site:doordash.com -site:ubereats.com -site:grubhub.com,baseline_wrong,P0_WEBSITE_BASELINE_WRONG,WEBSITE_BASELINE_WRONG,,AMBIGUOUS_WEBSITE,HARD
08f1f85ae5201aea032be7da504ebb74,5dc171625cefa500074e9616,website,http://freykissel.org/SBK/,current,https://www.edeka.de/eh/s%C3%BCdwest/edeka-kissel-sbk-compact-landau-taubensuhlstra%C3%9Fe-3-5/index.jsp,hybrid,False,True,http://freykissel.org/SBK/,https://www.edeka.de/eh/s%C3%BCdwest/edeka-kissel-sbk-compact-landau-taubensuhlstra%C3%9Fe-3-5/index.jsp,"official_site,government,business_registry",official,site:.gov   business license OR registry,baseline_wrong,P0_WEBSITE_BASELINE_WRONG,WEBSITE_BASELINE_WRONG,,AMBIGUOUS_WEBSITE,HARD
08f1f85ae5201aea032be7da504ebb74,5dc171625cefa500074e9616,website,http://freykissel.org/SBK/,current,https://www.edeka.de/eh/s%C3%BCdwest/edeka-kissel-sbk-compact-landau-taubensuhlstra%C3%9Fe-3-5/index.jsp,hybrid,False,True,http://freykissel.org/SBK/,https://www.edeka.de/eh/s%C3%BCdwest/edeka-kissel-sbk-compact-landau-taubensuhlstra%C3%9Fe-3-5/index.jsp,"official_site,government,business_registry",official,site:bbb.org,baseline_wrong,P0_WEBSITE_BASELINE_WRONG,WEBSITE_BASELINE_WRONG,,AMBIGUOUS_WEBSITE,HARD
08f1f88b66880d2e0385b0548cd07ca6,503fbd0d7e2752ec471b5a27,website,https://www.rossmann.de/de/filialen/bayern/schaeftlarn/rodelweg-7-b.html,current,http://www.rossmann.de,hybrid,False,True,https://www.rossmann.de/de/filialen/bayern/schaeftlarn/rodelweg-7-b.html,http://www.rossmann.de,"official_site,government,business_registry",official,-site:yelp.com -site:tripadvisor.com -site:facebook.com -site:instagram.com -site:doordash.com -site:ubereats.com -site:grubhub.com,baseline_wrong,P0_WEBSITE_BASELINE_WRONG,WEBSITE_BASELINE_WRONG,,AMBIGUOUS_WEBSITE,HARD
08f1f88b66880d2e0385b0548cd07ca6,503fbd0d7e2752ec471b5a27,website,https://www.rossmann.de/de/filialen/bayern/schaeftlarn/rodelweg-7-b.html,current,http://www.rossmann.de,hybrid,False,True,https://www.rossmann.de/de/filialen/bayern/schaeftlarn/rodelweg-7-b.html,http://www.rossmann.de,"official_site,government,business_registry",official,intitle:  contact OR locations -site:yelp.com -site:tripadvisor.com -site:facebook.com -site:instagram.com -site:doordash.com -site:ubereats.com -site:grubhub.com,baseline_wrong,P0_WEBSITE_BASELINE_WRONG,WEBSITE_BASELINE_WRONG,,AMBIGUOUS_WEBSITE,HARD
08f1f88b66880d2e0385b0548cd07ca6,503fbd0d7e2752ec471b5a27,website,https://www.rossmann.de/de/filialen/bayern/schaeftlarn/rodelweg-7-b.html,current,http://www.rossmann.de,hybrid,False,True,https://www.rossmann.de/de/filialen/bayern/schaeftlarn/rodelweg-7-b.html,http://www.rossmann.de,"official_site,government,business_registry",official,inurl:locations   contact,baseline_wrong,P0_WEBSITE_BASELINE_WRONG,WEBSITE_BASELINE_WRONG,,AMBIGUOUS_WEBSITE,HARD
08f1f88b66880d2e0385b0548cd07ca6,503fbd0d7e2752ec471b5a27,website,https://www.rossmann.de/de/filialen/bayern/schaeftlarn/rodelweg-7-b.html,current,http://www.rossmann.de,hybrid,False,True,https://www.rossmann.de/de/filialen/bayern/schaeftlarn/rodelweg-7-b.html,http://www.rossmann.de,"official_site,government,business_registry",official,official website -site:yelp.com -site:tripadvisor.com -site:facebook.com -site:instagram.com -site:doordash.com -site:ubereats.com -site:grubhub.com,baseline_wrong,P0_WEBSITE_BASELINE_WRONG,WEBSITE_BASELINE_WRONG,,AMBIGUOUS_WEBSITE,HARD
08f1f88b66880d2e0385b0548cd07ca6,503fbd0d7e2752ec471b5a27,website,https://www.rossmann.de/de/filialen/bayern/schaeftlarn/rodelweg-7-b.html,current,http://www.rossmann.de,hybrid,False,True,https://www.rossmann.de/de/filialen/bayern/schaeftlarn/rodelweg-7-b.html,http://www.rossmann.de,"official_site,government,business_registry",official,site:.gov   business license OR registry,baseline_wrong,P0_WEBSITE_BASELINE_WRONG,WEBSITE_BASELINE_WRONG,,AMBIGUOUS_WEBSITE,HARD
08f1f88b66880d2e0385b0548cd07ca6,503fbd0d7e2752ec471b5a27,website,https://www.rossmann.de/de/filialen/bayern/schaeftlarn/rodelweg-7-b.html,current,http://www.rossmann.de,hybrid,False,True,https://www.rossmann.de/de/filialen/bayern/schaeftlarn/rodelweg-7-b.html,http://www.rossmann.de,"official_site,government,business_registry",official,site:bbb.org,baseline_wrong,P0_WEBSITE_BASELINE_WRONG,WEBSITE_BASELINE_WRONG,,AMBIGUOUS_WEBSITE,HARD
08f1f8d54b60445a0306d353c45e27b1,5a28157defa82a69fd9382e9,website,https://www.fkr.de/unternehmen/fkr-muenchen-regeltechnik-kg,current,http://www.fkr.de/de/unternehmen/fkr-muenchen-regeltechnik-kg,hybrid,False,True,https://www.fkr.de/unternehmen/fkr-muenchen-regeltechnik-kg,http://www.fkr.de/de/unternehmen/fkr-muenchen-regeltechnik-kg,"official_site,government,business_registry",official,-site:yelp.com -site:tripadvisor.com -site:facebook.com -site:instagram.com -site:doordash.com -site:ubereats.com -site:grubhub.com,baseline_wrong,P0_WEBSITE_BASELINE_WRONG,WEBSITE_BASELINE_WRONG,,AMBIGUOUS_WEBSITE,HARD
08f1f8d54b60445a0306d353c45e27b1,5a28157defa82a69fd9382e9,website,https://www.fkr.de/unternehmen/fkr-muenchen-regeltechnik-kg,current,http://www.fkr.de/de/unternehmen/fkr-muenchen-regeltechnik-kg,hybrid,False,True,https://www.fkr.de/unternehmen/fkr-muenchen-regeltechnik-kg,http://www.fkr.de/de/unternehmen/fkr-muenchen-regeltechnik-kg,"official_site,government,business_registry",official,intitle:  contact OR locations -site:yelp.com -site:tripadvisor.com -site:facebook.com -site:instagram.com -site:doordash.com -site:ubereats.com -site:grubhub.com,baseline_wrong,P0_WEBSITE_BASELINE_WRONG,WEBSITE_BASELINE_WRONG,,AMBIGUOUS_WEBSITE,HARD
08f1f8d54b60445a0306d353c45e27b1,5a28157defa82a69fd9382e9,website,https://www.fkr.de/unternehmen/fkr-muenchen-regeltechnik-kg,current,http://www.fkr.de/de/unternehmen/fkr-muenchen-regeltechnik-kg,hybrid,False,True,https://www.fkr.de/unternehmen/fkr-muenchen-regeltechnik-kg,http://www.fkr.de/de/unternehmen/fkr-muenchen-regeltechnik-kg,"official_site,government,business_registry",official,inurl:locations   contact,baseline_wrong,P0_WEBSITE_BASELINE_WRONG,WEBSITE_BASELINE_WRONG,,AMBIGUOUS_WEBSITE,HARD
08f1f8d54b60445a0306d353c45e27b1,5a28157defa82a69fd9382e9,website,https://www.fkr.de/unternehmen/fkr-muenchen-regeltechnik-kg,current,http://www.fkr.de/de/unternehmen/fkr-muenchen-regeltechnik-kg,hybrid,False,True,https://www.fkr.de/unternehmen/fkr-muenchen-regeltechnik-kg,http://www.fkr.de/de/unternehmen/fkr-muenchen-regeltechnik-kg,"official_site,government,business_registry",official,official website -site:yelp.com -site:tripadvisor.com -site:facebook.com -site:instagram.com -site:doordash.com -site:ubereats.com -site:grubhub.com,baseline_wrong,P0_WEBSITE_BASELINE_WRONG,WEBSITE_BASELINE_WRONG,,AMBIGUOUS_WEBSITE,HARD
08f1f8d54b60445a0306d353c45e27b1,5a28157defa82a69fd9382e9,website,https://www.fkr.de/unternehmen/fkr-muenchen-regeltechnik-kg,current,http://www.fkr.de/de/unternehmen/fkr-muenchen-regeltechnik-kg,hybrid,False,True,https://www.fkr.de/unternehmen/fkr-muenchen-regeltechnik-kg,http://www.fkr.de/de/unternehmen/fkr-muenchen-regeltechnik-kg,"official_site,government,business_registry",official,site:.gov   business license OR registry,baseline_wrong,P0_WEBSITE_BASELINE_WRONG,WEBSITE_BASELINE_WRONG,,AMBIGUOUS_WEBSITE,HARD
08f1f8d54b60445a0306d353c45e27b1,5a28157defa82a69fd9382e9,website,https://www.fkr.de/unternehmen/fkr-muenchen-regeltechnik-kg,current,http://www.fkr.de/de/unternehmen/fkr-muenchen-regeltechnik-kg,hybrid,False,True,https://www.fkr.de/unternehmen/fkr-muenchen-regeltechnik-kg,http://www.fkr.de/de/unternehmen/fkr-muenchen-regeltechnik-kg,"official_site,government,business_registry",official,site:bbb.org,baseline_wrong,P0_WEBSITE_BASELINE_WRONG,WEBSITE_BASELINE_WRONG,,AMBIGUOUS_WEBSITE,HARD
08f1f8ed95cc834803b28d87d8bfefc0,53f73888498ecc0a798f7025,website,http://www.beautyspace.ch/kosmetikstudio-zuerich-am-hauptbahnhof,current,https://www.libertyspa.ch,hybrid,False,True,http://www.beautyspace.ch/kosmetikstudio-zuerich-am-hauptbahnhof,https://www.libertyspa.ch,"official_site,government,business_registry",official,-site:yelp.com -site:tripadvisor.com -site:facebook.com -site:instagram.com -site:doordash.com -site:ubereats.com -site:grubhub.com,baseline_wrong,P0_WEBSITE_BASELINE_WRONG,WEBSITE_BASELINE_WRONG,,AMBIGUOUS_WEBSITE,HARD
08f1f8ed95cc834803b28d87d8bfefc0,53f73888498ecc0a798f7025,website,http://www.beautyspace.ch/kosmetikstudio-zuerich-am-hauptbahnhof,current,https://www.libertyspa.ch,hybrid,False,True,http://www.beautyspace.ch/kosmetikstudio-zuerich-am-hauptbahnhof,https://www.libertyspa.ch,"official_site,government,business_registry",official,intitle:  contact OR locations -site:yelp.com -site:tripadvisor.com -site:facebook.com -site:instagram.com -site:doordash.com -site:ubereats.com -site:grubhub.com,baseline_wrong,P0_WEBSITE_BASELINE_WRONG,WEBSITE_BASELINE_WRONG,,AMBIGUOUS_WEBSITE,HARD
08f1f8ed95cc834803b28d87d8bfefc0,53f73888498ecc0a798f7025,website,http://www.beautyspace.ch/kosmetikstudio-zuerich-am-hauptbahnhof,current,https://www.libertyspa.ch,hybrid,False,True,http://www.beautyspace.ch/kosmetikstudio-zuerich-am-hauptbahnhof,https://www.libertyspa.ch,"official_site,government,business_registry",official,inurl:locations   contact,baseline_wrong,P0_WEBSITE_BASELINE_WRONG,WEBSITE_BASELINE_WRONG,,AMBIGUOUS_WEBSITE,HARD
08f1f8ed95cc834803b28d87d8bfefc0,53f73888498ecc0a798f7025,website,http://www.beautyspace.ch/kosmetikstudio-zuerich-am-hauptbahnhof,current,https://www.libertyspa.ch,hybrid,False,True,http://www.beautyspace.ch/kosmetikstudio-zuerich-am-hauptbahnhof,https://www.libertyspa.ch,"official_site,government,business_registry",official,official website -site:yelp.com -site:tripadvisor.com -site:facebook.com -site:instagram.com -site:doordash.com -site:ubereats.com -site:grubhub.com,baseline_wrong,P0_WEBSITE_BASELINE_WRONG,WEBSITE_BASELINE_WRONG,,AMBIGUOUS_WEBSITE,HARD
08f1f8ed95cc834803b28d87d8bfefc0,53f73888498ecc0a798f7025,website,http://www.beautyspace.ch/kosmetikstudio-zuerich-am-hauptbahnhof,current,https://www.libertyspa.ch,hybrid,False,True,http://www.beautyspace.ch/kosmetikstudio-zuerich-am-hauptbahnhof,https://www.libertyspa.ch,"official_site,government,business_registry",official,site:.gov   business license OR registry,baseline_wrong,P0_WEBSITE_BASELINE_WRONG,WEBSITE_BASELINE_WRONG,,AMBIGUOUS_WEBSITE,HARD
08f1f8ed95cc834803b28d87d8bfefc0,53f73888498ecc0a798f7025,website,http://www.beautyspace.ch/kosmetikstudio-zuerich-am-hauptbahnhof,current,https://www.libertyspa.ch,hybrid,False,True,http://www.beautyspace.ch/kosmetikstudio-zuerich-am-hauptbahnhof,https://www.libertyspa.ch,"official_site,government,business_registry",official,site:bbb.org,baseline_wrong,P0_WEBSITE_BASELINE_WRONG,WEBSITE_BASELINE_WRONG,,AMBIGUOUS_WEBSITE,HARD
08f1f981762a894b0367e8c49d5125c5,4da8919c93a021ab13cd0b2b,website,http://www.comunediponderano.it/,current,http://www.comune.ponderano.bi.it,hybrid,False,True,http://www.comunediponderano.it/,http://www.comune.ponderano.bi.it,"official_site,government,business_registry",official,-site:yelp.com -site:tripadvisor.com -site:facebook.com -site:instagram.com -site:doordash.com -site:ubereats.com -site:grubhub.com,baseline_wrong,P0_WEBSITE_BASELINE_WRONG,WEBSITE_BASELINE_WRONG,,AMBIGUOUS_WEBSITE,HARD
08f1f981762a894b0367e8c49d5125c5,4da8919c93a021ab13cd0b2b,website,http://www.comunediponderano.it/,current,http://www.comune.ponderano.bi.it,hybrid,False,True,http://www.comunediponderano.it/,http://www.comune.ponderano.bi.it,"official_site,government,business_registry",official,intitle:  contact OR locations -site:yelp.com -site:tripadvisor.com -site:facebook.com -site:instagram.com -site:doordash.com -site:ubereats.com -site:grubhub.com,baseline_wrong,P0_WEBSITE_BASELINE_WRONG,WEBSITE_BASELINE_WRONG,,AMBIGUOUS_WEBSITE,HARD
08f1f981762a894b0367e8c49d5125c5,4da8919c93a021ab13cd0b2b,website,http://www.comunediponderano.it/,current,http://www.comune.ponderano.bi.it,hybrid,False,True,http://www.comunediponderano.it/,http://www.comune.ponderano.bi.it,"official_site,government,business_registry",official,inurl:locations   contact,baseline_wrong,P0_WEBSITE_BASELINE_WRONG,WEBSITE_BASELINE_WRONG,,AMBIGUOUS_WEBSITE,HARD
08f1f981762a894b0367e8c49d5125c5,4da8919c93a021ab13cd0b2b,website,http://www.comunediponderano.it/,current,http://www.comune.ponderano.bi.it,hybrid,False,True,http://www.comunediponderano.it/,http://www.comune.ponderano.bi.it,"official_site,government,business_registry",official,official website -site:yelp.com -site:tripadvisor.com -site:facebook.com -site:instagram.com -site:doordash.com -site:ubereats.com -site:grubhub.com,baseline_wrong,P0_WEBSITE_BASELINE_WRONG,WEBSITE_BASELINE_WRONG,,AMBIGUOUS_WEBSITE,HARD
08f1f981762a894b0367e8c49d5125c5,4da8919c93a021ab13cd0b2b,website,http://www.comunediponderano.it/,current,http://www.comune.ponderano.bi.it,hybrid,False,True,http://www.comunediponderano.it/,http://www.comune.ponderano.bi.it,"official_site,government,business_registry",official,site:.gov   business license OR registry,baseline_wrong,P0_WEBSITE_BASELINE_WRONG,WEBSITE_BASELINE_WRONG,,AMBIGUOUS_WEBSITE,HARD
08f1f981762a894b0367e8c49d5125c5,4da8919c93a021ab13cd0b2b,website,http://www.comunediponderano.it/,current,http://www.comune.ponderano.bi.it,hybrid,False,True,http://www.comunediponderano.it/,http://www.comune.ponderano.bi.it,"official_site,government,business_registry",official,site:bbb.org,baseline_wrong,P0_WEBSITE_BASELINE_WRONG,WEBSITE_BASELINE_WRONG,,AMBIGUOUS_WEBSITE,HARD
08f1f9925a0102b40334fdcbede94f22,7b51731e6407448f2a799e47,website,http://montichiarimusei.it/,current,http://www.montichiarimusei.it/pieghevole_musei.pdf,hybrid,False,True,http://montichiarimusei.it/,http://www.montichiarimusei.it/pieghevole_musei.pdf,"official_site,government,business_registry",official,-site:yelp.com -site:tripadvisor.com -site:facebook.com -site:instagram.com -site:doordash.com -site:ubereats.com -site:grubhub.com,baseline_wrong,P0_WEBSITE_BASELINE_WRONG,WEBSITE_BASELINE_WRONG,,AMBIGUOUS_WEBSITE,HARD
08f1f9925a0102b40334fdcbede94f22,7b51731e6407448f2a799e47,website,http://montichiarimusei.it/,current,http://www.montichiarimusei.it/pieghevole_musei.pdf,hybrid,False,True,http://montichiarimusei.it/,http://www.montichiarimusei.it/pieghevole_musei.pdf,"official_site,government,business_registry",official,intitle:  contact OR locations -site:yelp.com -site:tripadvisor.com -site:facebook.com -site:instagram.com -site:doordash.com -site:ubereats.com -site:grubhub.com,baseline_wrong,P0_WEBSITE_BASELINE_WRONG,WEBSITE_BASELINE_WRONG,,AMBIGUOUS_WEBSITE,HARD
08f1f9925a0102b40334fdcbede94f22,7b51731e6407448f2a799e47,website,http://montichiarimusei.it/,current,http://www.montichiarimusei.it/pieghevole_musei.pdf,hybrid,False,True,http://montichiarimusei.it/,http://www.montichiarimusei.it/pieghevole_musei.pdf,"official_site,government,business_registry",official,inurl:locations   contact,baseline_wrong,P0_WEBSITE_BASELINE_WRONG,WEBSITE_BASELINE_WRONG,,AMBIGUOUS_WEBSITE,HARD
08f1f9925a0102b40334fdcbede94f22,7b51731e6407448f2a799e47,website,http://montichiarimusei.it/,current,http://www.montichiarimusei.it/pieghevole_musei.pdf,hybrid,False,True,http://montichiarimusei.it/,http://www.montichiarimusei.it/pieghevole_musei.pdf,"official_site,government,business_registry",official,official website -site:yelp.com -site:tripadvisor.com -site:facebook.com -site:instagram.com -site:doordash.com -site:ubereats.com -site:grubhub.com,baseline_wrong,P0_WEBSITE_BASELINE_WRONG,WEBSITE_BASELINE_WRONG,,AMBIGUOUS_WEBSITE,HARD
08f1f9925a0102b40334fdcbede94f22,7b51731e6407448f2a799e47,website,http://montichiarimusei.it/,current,http://www.montichiarimusei.it/pieghevole_musei.pdf,hybrid,False,True,http://montichiarimusei.it/,http://www.montichiarimusei.it/pieghevole_musei.pdf,"official_site,government,business_registry",official,site:.gov   business license OR registry,baseline_wrong,P0_WEBSITE_BASELINE_WRONG,WEBSITE_BASELINE_WRONG,,AMBIGUOUS_WEBSITE,HARD
08f1f9925a0102b40334fdcbede94f22,7b51731e6407448f2a799e47,website,http://montichiarimusei.it/,current,http://www.montichiarimusei.it/pieghevole_musei.pdf,hybrid,False,True,http://montichiarimusei.it/,http://www.montichiarimusei.it/pieghevole_musei.pdf,"official_site,government,business_registry",official,site:bbb.org,baseline_wrong,P0_WEBSITE_BASELINE_WRONG,WEBSITE_BASELINE_WRONG,,AMBIGUOUS_WEBSITE,HARD
08f1f9b080b03da00364ea8dc06fb226,111c964c986b470917312987,website,http://www.mercerialebotteghe.it/,current,https://img.italiaonline.it/0WO5p000003HAN3GAO_bottegamercerie.png,hybrid,False,True,http://www.mercerialebotteghe.it/,https://img.italiaonline.it/0WO5p000003HAN3GAO_bottegamercerie.png,"official_site,government,business_registry",official,-site:yelp.com -site:tripadvisor.com -site:facebook.com -site:instagram.com -site:doordash.com -site:ubereats.com -site:grubhub.com,baseline_wrong,P0_WEBSITE_BASELINE_WRONG,WEBSITE_BASELINE_WRONG,,AMBIGUOUS_WEBSITE,HARD
08f1f9b080b03da00364ea8dc06fb226,111c964c986b470917312987,website,http://www.mercerialebotteghe.it/,current,https://img.italiaonline.it/0WO5p000003HAN3GAO_bottegamercerie.png,hybrid,False,True,http://www.mercerialebotteghe.it/,https://img.italiaonline.it/0WO5p000003HAN3GAO_bottegamercerie.png,"official_site,government,business_registry",official,intitle:  contact OR locations -site:yelp.com -site:tripadvisor.com -site:facebook.com -site:instagram.com -site:doordash.com -site:ubereats.com -site:grubhub.com,baseline_wrong,P0_WEBSITE_BASELINE_WRONG,WEBSITE_BASELINE_WRONG,,AMBIGUOUS_WEBSITE,HARD
08f1f9b080b03da00364ea8dc06fb226,111c964c986b470917312987,website,http://www.mercerialebotteghe.it/,current,https://img.italiaonline.it/0WO5p000003HAN3GAO_bottegamercerie.png,hybrid,False,True,http://www.mercerialebotteghe.it/,https://img.italiaonline.it/0WO5p000003HAN3GAO_bottegamercerie.png,"official_site,government,business_registry",official,inurl:locations   contact,baseline_wrong,P0_WEBSITE_BASELINE_WRONG,WEBSITE_BASELINE_WRONG,,AMBIGUOUS_WEBSITE,HARD
08f1f9b080b03da00364ea8dc06fb226,111c964c986b470917312987,website,http://www.mercerialebotteghe.it/,current,https://img.italiaonline.it/0WO5p000003HAN3GAO_bottegamercerie.png,hybrid,False,True,http://www.mercerialebotteghe.it/,https://img.italiaonline.it/0WO5p000003HAN3GAO_bottegamercerie.png,"official_site,government,business_registry",official,official website -site:yelp.com -site:tripadvisor.com -site:facebook.com -site:instagram.com -site:doordash.com -site:ubereats.com -site:grubhub.com,baseline_wrong,P0_WEBSITE_BASELINE_WRONG,WEBSITE_BASELINE_WRONG,,AMBIGUOUS_WEBSITE,HARD
08f1f9b080b03da00364ea8dc06fb226,111c964c986b470917312987,website,http://www.mercerialebotteghe.it/,current,https://img.italiaonline.it/0WO5p000003HAN3GAO_bottegamercerie.png,hybrid,False,True,http://www.mercerialebotteghe.it/,https://img.italiaonline.it/0WO5p000003HAN3GAO_bottegamercerie.png,"official_site,government,business_registry",official,site:.gov   business license OR registry,baseline_wrong,P0_WEBSITE_BASELINE_WRONG,WEBSITE_BASELINE_WRONG,,AMBIGUOUS_WEBSITE,HARD
08f1f9b080b03da00364ea8dc06fb226,111c964c986b470917312987,website,http://www.mercerialebotteghe.it/,current,https://img.italiaonline.it/0WO5p000003HAN3GAO_bottegamercerie.png,hybrid,False,True,http://www.mercerialebotteghe.it/,https://img.italiaonline.it/0WO5p000003HAN3GAO_bottegamercerie.png,"official_site,government,business_registry",official,site:bbb.org,baseline_wrong,P0_WEBSITE_BASELINE_WRONG,WEBSITE_BASELINE_WRONG,,AMBIGUOUS_WEBSITE,HARD
08f1f9b76a9252050316e85338ec5664,d504163f7ff34cdee90f674c,website,https://rapallo1.tecnocasa.it/,current,http://www.tecnocasa.it/annunci/immobili/liguria/genova/rapallo,hybrid,False,True,https://rapallo1.tecnocasa.it/,http://www.tecnocasa.it/annunci/immobili/liguria/genova/rapallo,"official_site,government,business_registry",official,-site:yelp.com -site:tripadvisor.com -site:facebook.com -site:instagram.com -site:doordash.com -site:ubereats.com -site:grubhub.com,baseline_wrong,P0_WEBSITE_BASELINE_WRONG,WEBSITE_BASELINE_WRONG,,AMBIGUOUS_WEBSITE,HARD
08f1f9b76a9252050316e85338ec5664,d504163f7ff34cdee90f674c,website,https://rapallo1.tecnocasa.it/,current,http://www.tecnocasa.it/annunci/immobili/liguria/genova/rapallo,hybrid,False,True,https://rapallo1.tecnocasa.it/,http://www.tecnocasa.it/annunci/immobili/liguria/genova/rapallo,"official_site,government,business_registry",official,intitle:  contact OR locations -site:yelp.com -site:tripadvisor.com -site:facebook.com -site:instagram.com -site:doordash.com -site:ubereats.com -site:grubhub.com,baseline_wrong,P0_WEBSITE_BASELINE_WRONG,WEBSITE_BASELINE_WRONG,,AMBIGUOUS_WEBSITE,HARD
08f1f9b76a9252050316e85338ec5664,d504163f7ff34cdee90f674c,website,https://rapallo1.tecnocasa.it/,current,http://www.tecnocasa.it/annunci/immobili/liguria/genova/rapallo,hybrid,False,True,https://rapallo1.tecnocasa.it/,http://www.tecnocasa.it/annunci/immobili/liguria/genova/rapallo,"official_site,government,business_registry",official,inurl:locations   contact,baseline_wrong,P0_WEBSITE_BASELINE_WRONG,WEBSITE_BASELINE_WRONG,,AMBIGUOUS_WEBSITE,HARD
08f1f9b76a9252050316e85338ec5664,d504163f7ff34cdee90f674c,website,https://rapallo1.tecnocasa.it/,current,http://www.tecnocasa.it/annunci/immobili/liguria/genova/rapallo,hybrid,False,True,https://rapallo1.tecnocasa.it/,http://www.tecnocasa.it/annunci/immobili/liguria/genova/rapallo,"official_site,government,business_registry",official,official website -site:yelp.com -site:tripadvisor.com -site:facebook.com -site:instagram.com -site:doordash.com -site:ubereats.com -site:grubhub.com,baseline_wrong,P0_WEBSITE_BASELINE_WRONG,WEBSITE_BASELINE_WRONG,,AMBIGUOUS_WEBSITE,HARD
08f1f9b76a9252050316e85338ec5664,d504163f7ff34cdee90f674c,website,https://rapallo1.tecnocasa.it/,current,http://www.tecnocasa.it/annunci/immobili/liguria/genova/rapallo,hybrid,False,True,https://rapallo1.tecnocasa.it/,http://www.tecnocasa.it/annunci/immobili/liguria/genova/rapallo,"official_site,government,business_registry",official,site:.gov   business license OR registry,baseline_wrong,P0_WEBSITE_BASELINE_WRONG,WEBSITE_BASELINE_WRONG,,AMBIGUOUS_WEBSITE,HARD
08f1f9b76a9252050316e85338ec5664,d504163f7ff34cdee90f674c,website,https://rapallo1.tecnocasa.it/,current,http://www.tecnocasa.it/annunci/immobili/liguria/genova/rapallo,hybrid,False,True,https://rapallo1.tecnocasa.it/,http://www.tecnocasa.it/annunci/immobili/liguria/genova/rapallo,"official_site,government,business_registry",official,site:bbb.org,baseline_wrong,P0_WEBSITE_BASELINE_WRONG,WEBSITE_BASELINE_WRONG,,AMBIGUOUS_WEBSITE,HARD
08f1fa112e4d965b03b45fbf4da05d10,5d11f069de944500231cfd3c,website,http://www.signal-iduna-agentur.de/stefan.kunkel,current,https://www.signal-iduna.de/adp-suche?name=Bruno-Bathen,hybrid,False,True,http://www.signal-iduna-agentur.de/stefan.kunkel,https://www.signal-iduna.de/adp-suche?name=Bruno-Bathen,"official_site,government,business_registry",official,-site:yelp.com -site:tripadvisor.com -site:facebook.com -site:instagram.com -site:doordash.com -site:ubereats.com -site:grubhub.com,baseline_wrong,P0_WEBSITE_BASELINE_WRONG,WEBSITE_BASELINE_WRONG,,AMBIGUOUS_WEBSITE,HARD
08f1fa112e4d965b03b45fbf4da05d10,5d11f069de944500231cfd3c,website,http://www.signal-iduna-agentur.de/stefan.kunkel,current,https://www.signal-iduna.de/adp-suche?name=Bruno-Bathen,hybrid,False,True,http://www.signal-iduna-agentur.de/stefan.kunkel,https://www.signal-iduna.de/adp-suche?name=Bruno-Bathen,"official_site,government,business_registry",official,intitle:  contact OR locations -site:yelp.com -site:tripadvisor.com -site:facebook.com -site:instagram.com -site:doordash.com -site:ubereats.com -site:grubhub.com,baseline_wrong,P0_WEBSITE_BASELINE_WRONG,WEBSITE_BASELINE_WRONG,,AMBIGUOUS_WEBSITE,HARD
08f1fa112e4d965b03b45fbf4da05d10,5d11f069de944500231cfd3c,website,http://www.signal-iduna-agentur.de/stefan.kunkel,current,https://www.signal-iduna.de/adp-suche?name=Bruno-Bathen,hybrid,False,True,http://www.signal-iduna-agentur.de/stefan.kunkel,https://www.signal-iduna.de/adp-suche?name=Bruno-Bathen,"official_site,government,business_registry",official,inurl:locations   contact,baseline_wrong,P0_WEBSITE_BASELINE_WRONG,WEBSITE_BASELINE_WRONG,,AMBIGUOUS_WEBSITE,HARD
08f1fa112e4d965b03b45fbf4da05d10,5d11f069de944500231cfd3c,website,http://www.signal-iduna-agentur.de/stefan.kunkel,current,https://www.signal-iduna.de/adp-suche?name=Bruno-Bathen,hybrid,False,True,http://www.signal-iduna-agentur.de/stefan.kunkel,https://www.signal-iduna.de/adp-suche?name=Bruno-Bathen,"official_site,government,business_registry",official,official website -site:yelp.com -site:tripadvisor.com -site:facebook.com -site:instagram.com -site:doordash.com -site:ubereats.com -site:grubhub.com,baseline_wrong,P0_WEBSITE_BASELINE_WRONG,WEBSITE_BASELINE_WRONG,,AMBIGUOUS_WEBSITE,HARD
08f1fa112e4d965b03b45fbf4da05d10,5d11f069de944500231cfd3c,website,http://www.signal-iduna-agentur.de/stefan.kunkel,current,https://www.signal-iduna.de/adp-suche?name=Bruno-Bathen,hybrid,False,True,http://www.signal-iduna-agentur.de/stefan.kunkel,https://www.signal-iduna.de/adp-suche?name=Bruno-Bathen,"official_site,government,business_registry",official,site:.gov   business license OR registry,baseline_wrong,P0_WEBSITE_BASELINE_WRONG,WEBSITE_BASELINE_WRONG,,AMBIGUOUS_WEBSITE,HARD
08f1fa112e4d965b03b45fbf4da05d10,5d11f069de944500231cfd3c,website,http://www.signal-iduna-agentur.de/stefan.kunkel,current,https://www.signal-iduna.de/adp-suche?name=Bruno-Bathen,hybrid,False,True,http://www.signal-iduna-agentur.de/stefan.kunkel,https://www.signal-iduna.de/adp-suche?name=Bruno-Bathen,"official_site,government,business_registry",official,site:bbb.org,baseline_wrong,P0_WEBSITE_BASELINE_WRONG,WEBSITE_BASELINE_WRONG,,AMBIGUOUS_WEBSITE,HARD
08f1fa19882dc90203f8a84197143081,4b9a7ebcf964a5209dba35e3,website,https://www.mcdonalds.de/restaurant?id=0964,current,http://www.mcdonalds.de,hybrid,False,True,https://www.mcdonalds.de/restaurant?id=0964,http://www.mcdonalds.de,"official_site,government,business_registry",official,-site:yelp.com -site:tripadvisor.com -site:facebook.com -site:instagram.com -site:doordash.com -site:ubereats.com -site:grubhub.com,baseline_wrong,P0_WEBSITE_BASELINE_WRONG,WEBSITE_BASELINE_WRONG,,AMBIGUOUS_WEBSITE,HARD
08f1fa19882dc90203f8a84197143081,4b9a7ebcf964a5209dba35e3,website,https://www.mcdonalds.de/restaurant?id=0964,current,http://www.mcdonalds.de,hybrid,False,True,https://www.mcdonalds.de/restaurant?id=0964,http://www.mcdonalds.de,"official_site,government,business_registry",official,intitle:  contact OR locations -site:yelp.com -site:tripadvisor.com -site:facebook.com -site:instagram.com -site:doordash.com -site:ubereats.com -site:grubhub.com,baseline_wrong,P0_WEBSITE_BASELINE_WRONG,WEBSITE_BASELINE_WRONG,,AMBIGUOUS_WEBSITE,HARD
08f1fa19882dc90203f8a84197143081,4b9a7ebcf964a5209dba35e3,website,https://www.mcdonalds.de/restaurant?id=0964,current,http://www.mcdonalds.de,hybrid,False,True,https://www.mcdonalds.de/restaurant?id=0964,http://www.mcdonalds.de,"official_site,government,business_registry",official,inurl:locations   contact,baseline_wrong,P0_WEBSITE_BASELINE_WRONG,WEBSITE_BASELINE_WRONG,,AMBIGUOUS_WEBSITE,HARD
08f1fa19882dc90203f8a84197143081,4b9a7ebcf964a5209dba35e3,website,https://www.mcdonalds.de/restaurant?id=0964,current,http://www.mcdonalds.de,hybrid,False,True,https://www.mcdonalds.de/restaurant?id=0964,http://www.mcdonalds.de,"official_site,government,business_registry",official,official website -site:yelp.com -site:tripadvisor.com -site:facebook.com -site:instagram.com -site:doordash.com -site:ubereats.com -site:grubhub.com,baseline_wrong,P0_WEBSITE_BASELINE_WRONG,WEBSITE_BASELINE_WRONG,,AMBIGUOUS_WEBSITE,HARD
08f1fa19882dc90203f8a84197143081,4b9a7ebcf964a5209dba35e3,website,https://www.mcdonalds.de/restaurant?id=0964,current,http://www.mcdonalds.de,hybrid,False,True,https://www.mcdonalds.de/restaurant?id=0964,http://www.mcdonalds.de,"official_site,government,business_registry",official,site:.gov   business license OR registry,baseline_wrong,P0_WEBSITE_BASELINE_WRONG,WEBSITE_BASELINE_WRONG,,AMBIGUOUS_WEBSITE,HARD
08f1fa19882dc90203f8a84197143081,4b9a7ebcf964a5209dba35e3,website,https://www.mcdonalds.de/restaurant?id=0964,current,http://www.mcdonalds.de,hybrid,False,True,https://www.mcdonalds.de/restaurant?id=0964,http://www.mcdonalds.de,"official_site,government,business_registry",official,site:bbb.org,baseline_wrong,P0_WEBSITE_BASELINE_WRONG,WEBSITE_BASELINE_WRONG,,AMBIGUOUS_WEBSITE,HARD
08f1fa570ed43ca203d8ee44e6490fe0,50f6e386e4b079fc6cc41d78,website,http://www.biomarkt.de/,current,http://www.denns-biomarkt.de,hybrid,False,True,http://www.biomarkt.de/,http://www.denns-biomarkt.de,"official_site,government,business_registry",official,-site:yelp.com -site:tripadvisor.com -site:facebook.com -site:instagram.com -site:doordash.com -site:ubereats.com -site:grubhub.com,baseline_wrong,P0_WEBSITE_BASELINE_WRONG,WEBSITE_BASELINE_WRONG,,AMBIGUOUS_WEBSITE,HARD
08f1fa570ed43ca203d8ee44e6490fe0,50f6e386e4b079fc6cc41d78,website,http://www.biomarkt.de/,current,http://www.denns-biomarkt.de,hybrid,False,True,http://www.biomarkt.de/,http://www.denns-biomarkt.de,"official_site,government,business_registry",official,intitle:  contact OR locations -site:yelp.com -site:tripadvisor.com -site:facebook.com -site:instagram.com -site:doordash.com -site:ubereats.com -site:grubhub.com,baseline_wrong,P0_WEBSITE_BASELINE_WRONG,WEBSITE_BASELINE_WRONG,,AMBIGUOUS_WEBSITE,HARD
08f1fa570ed43ca203d8ee44e6490fe0,50f6e386e4b079fc6cc41d78,website,http://www.biomarkt.de/,current,http://www.denns-biomarkt.de,hybrid,False,True,http://www.biomarkt.de/,http://www.denns-biomarkt.de,"official_site,government,business_registry",official,inurl:locations   contact,baseline_wrong,P0_WEBSITE_BASELINE_WRONG,WEBSITE_BASELINE_WRONG,,AMBIGUOUS_WEBSITE,HARD
08f1fa570ed43ca203d8ee44e6490fe0,50f6e386e4b079fc6cc41d78,website,http://www.biomarkt.de/,current,http://www.denns-biomarkt.de,hybrid,False,True,http://www.biomarkt.de/,http://www.denns-biomarkt.de,"official_site,government,business_registry",official,official website -site:yelp.com -site:tripadvisor.com -site:facebook.com -site:instagram.com -site:doordash.com -site:ubereats.com -site:grubhub.com,baseline_wrong,P0_WEBSITE_BASELINE_WRONG,WEBSITE_BASELINE_WRONG,,AMBIGUOUS_WEBSITE,HARD
08f1fa570ed43ca203d8ee44e6490fe0,50f6e386e4b079fc6cc41d78,website,http://www.biomarkt.de/,current,http://www.denns-biomarkt.de,hybrid,False,True,http://www.biomarkt.de/,http://www.denns-biomarkt.de,"official_site,government,business_registry",official,site:.gov   business license OR registry,baseline_wrong,P0_WEBSITE_BASELINE_WRONG,WEBSITE_BASELINE_WRONG,,AMBIGUOUS_WEBSITE,HARD
08f1fa570ed43ca203d8ee44e6490fe0,50f6e386e4b079fc6cc41d78,website,http://www.biomarkt.de/,current,http://www.denns-biomarkt.de,hybrid,False,True,http://www.biomarkt.de/,http://www.denns-biomarkt.de,"official_site,government,business_registry",official,site:bbb.org,baseline_wrong,P0_WEBSITE_BASELINE_WRONG,WEBSITE_BASELINE_WRONG,,AMBIGUOUS_WEBSITE,HARD
08f1fa59513a595d032fdd2acd350b85,511e73cc0a264ce2c14a18d6,website,http://www.logopaedie-emmerich.de/,current,http://www.logopaedie-niederrhein.de,hybrid,False,True,http://www.logopaedie-emmerich.de/,http://www.logopaedie-niederrhein.de,"official_site,government,business_registry",official,-site:yelp.com -site:tripadvisor.com -site:facebook.com -site:instagram.com -site:doordash.com -site:ubereats.com -site:grubhub.com,baseline_wrong,P0_WEBSITE_BASELINE_WRONG,WEBSITE_BASELINE_WRONG,,AMBIGUOUS_WEBSITE,HARD
08f1fa59513a595d032fdd2acd350b85,511e73cc0a264ce2c14a18d6,website,http://www.logopaedie-emmerich.de/,current,http://www.logopaedie-niederrhein.de,hybrid,False,True,http://www.logopaedie-emmerich.de/,http://www.logopaedie-niederrhein.de,"official_site,government,business_registry",official,intitle:  contact OR locations -site:yelp.com -site:tripadvisor.com -site:facebook.com -site:instagram.com -site:doordash.com -site:ubereats.com -site:grubhub.com,baseline_wrong,P0_WEBSITE_BASELINE_WRONG,WEBSITE_BASELINE_WRONG,,AMBIGUOUS_WEBSITE,HARD
08f1fa59513a595d032fdd2acd350b85,511e73cc0a264ce2c14a18d6,website,http://www.logopaedie-emmerich.de/,current,http://www.logopaedie-niederrhein.de,hybrid,False,True,http://www.logopaedie-emmerich.de/,http://www.logopaedie-niederrhein.de,"official_site,government,business_registry",official,inurl:locations   contact,baseline_wrong,P0_WEBSITE_BASELINE_WRONG,WEBSITE_BASELINE_WRONG,,AMBIGUOUS_WEBSITE,HARD
08f1fa59513a595d032fdd2acd350b85,511e73cc0a264ce2c14a18d6,website,http://www.logopaedie-emmerich.de/,current,http://www.logopaedie-niederrhein.de,hybrid,False,True,http://www.logopaedie-emmerich.de/,http://www.logopaedie-niederrhein.de,"official_site,government,business_registry",official,official website -site:yelp.com -site:tripadvisor.com -site:facebook.com -site:instagram.com -site:doordash.com -site:ubereats.com -site:grubhub.com,baseline_wrong,P0_WEBSITE_BASELINE_WRONG,WEBSITE_BASELINE_WRONG,,AMBIGUOUS_WEBSITE,HARD
08f1fa59513a595d032fdd2acd350b85,511e73cc0a264ce2c14a18d6,website,http://www.logopaedie-emmerich.de/,current,http://www.logopaedie-niederrhein.de,hybrid,False,True,http://www.logopaedie-emmerich.de/,http://www.logopaedie-niederrhein.de,"official_site,government,business_registry",official,site:.gov   business license OR registry,baseline_wrong,P0_WEBSITE_BASELINE_WRONG,WEBSITE_BASELINE_WRONG,,AMBIGUOUS_WEBSITE,HARD
08f1fa59513a595d032fdd2acd350b85,511e73cc0a264ce2c14a18d6,website,http://www.logopaedie-emmerich.de/,current,http://www.logopaedie-niederrhein.de,hybrid,False,True,http://www.logopaedie-emmerich.de/,http://www.logopaedie-niederrhein.de,"official_site,government,business_registry",official,site:bbb.org,baseline_wrong,P0_WEBSITE_BASELINE_WRONG,WEBSITE_BASELINE_WRONG,,AMBIGUOUS_WEBSITE,HARD
